employee_id,employee_name,role,hiredate,salary,dept_no,email
1,Victoria Crosby,Designer,2020-08-01,79102.54,3,victoria.crosby@uh.com
2,Richard Long,Designer,2021-06-11,57296.79,1,richard.long@uh.com
3,Dominique Anderson,Designer,2020-07-18,44334.7,1,dominique.anderson@uh.com
4,Rachel Simpson,HR,2022-12-06,44488.6,2,rachel.simpson@uh.com
5,Roberto Christian,Developer,2021-10-31,56602.91,3,roberto.christian@uh.com
6,Pamela Elliott,Analyst,2021-07-29,95399.97,3,pamela.elliott@uh.com
7,Jacob Reeves,Analyst,2021-06-25,49745.34,3,jacob.reeves@uh.com
8,Renee Lee,HR,2022-10-01,51309.05,2,renee.lee@uh.com
9,Lynn Walters,Designer,2021-10-20,54833.43,3,lynn.walters@uh.com
10,Tyler Choi,Designer,2022-11-10,54231.98,2,tyler.choi@uh.com
11,Debbie Contreras,Analyst,2020-12-12,85821.09,3,debbie.contreras@uh.com
12,Casey Woods,Manager,2021-04-06,52064.58,3,casey.woods@uh.com
13,John Jackson,HR,2021-08-12,58756.33,2,john.jackson@uh.com
14,Rachel Jordan,HR,2020-03-14,64564.3,1,rachel.jordan@uh.com
15,Kenneth Warren,Developer,2020-03-06,78620.37,2,kenneth.warren@uh.com
16,Larry Smith,Designer,2022-01-18,38020.93,3,larry.smith@uh.com
17,Jerome Davis,Designer,2023-05-03,94886.23,1,jerome.davis@uh.com
18,Julie Davis,Analyst,2020-11-01,94286.49,3,julie.davis@uh.com
19,Jose Smith,Designer,2020-06-01,39060.88,3,jose.smith@uh.com
20,Dana Walters,HR,2020-03-18,43348.24,1,dana.walters@uh.com
21,William Lopez,Designer,2023-02-13,99133.51,2,william.lopez@uh.com
22,Holly Stanley,HR,2020-01-27,83580.67,1,holly.stanley@uh.com
23,Nancy Garcia,Manager,2022-06-12,95305.22,2,nancy.garcia@uh.com
24,Jennifer Evans,Developer,2020-06-08,78643.62,3,jennifer.evans@uh.com
25,Emily Lowe,Developer,2022-01-18,31518.35,1,emily.lowe@uh.com
26,Sandra Snyder,Developer,2021-01-27,57542.41,3,sandra.snyder@uh.com
27,Cindy Mcknight,Designer,2021-12-29,53696.71,1,cindy.mcknight@uh.com
28,Sarah Edwards,HR,2023-02-13,68586.12,2,sarah.edwards@uh.com
29,John Wilson,Developer,2023-09-17,30848.96,1,john.wilson@uh.com
30,Victoria Parker,Manager,2023-04-24,61835.29,2,victoria.parker@uh.com
31,Todd Becker,Developer,2020-10-26,98804.42,2,todd.becker@uh.com
32,William Nichols,Manager,2021-11-08,57021.5,2,william.nichols@uh.com
33,Madison Freeman,Developer,2022-03-31,45067.94,1,madison.freeman@uh.com
34,Kelly Morales,Developer,2022-10-15,62079.18,2,kelly.morales@uh.com
35,Kelly Dennis,Analyst,2023-06-18,80955.89,1,kelly.dennis@uh.com
36,Brittney Nelson,HR,2022-10-03,73317.79,2,brittney.nelson@uh.com
37,Deborah Snow,Manager,2023-02-04,95130.5,2,deborah.snow@uh.com
38,Julie Jimenez,Developer,2020-04-18,47310.93,3,julie.jimenez@uh.com
39,Shawn Logan,HR,2023-07-05,54121.19,3,shawn.logan@uh.com
40,Jessica Kennedy MD,Manager,2022-01-12,45045.99,1,jessica.kennedy.md@uh.com
41,Julie Ward,Manager,2023-05-03,32270.22,2,julie.ward@uh.com
42,Jack Gay,Designer,2020-06-03,40811.76,2,jack.gay@uh.com
43,Tracy Sullivan,Manager,2022-10-20,98205.49,1,tracy.sullivan@uh.com
44,Joseph Oneal,Developer,2020-06-14,83053.18,3,joseph.oneal@uh.com
45,Chris Matthews,Developer,2021-06-04,47018.95,1,chris.matthews@uh.com
46,Susan Newman,Developer,2023-08-03,42156.64,1,susan.newman@uh.com
47,Christopher Mitchell,Developer,2023-04-13,37467.26,1,christopher.mitchell@uh.com
48,Jacob Coleman,Developer,2023-10-22,44388.85,1,jacob.coleman@uh.com
49,Gerald Burch,Designer,2021-09-26,83746.69,1,gerald.burch@uh.com
50,Sara Wilson,Designer,2022-07-25,98304.44,2,sara.wilson@uh.com
51,Katherine Ward,Developer,2023-04-28,96808.69,2,katherine.ward@uh.com
52,Marcia Anderson,HR,2022-09-15,95228.26,2,marcia.anderson@uh.com
53,April Hart,Analyst,2021-10-07,37461.07,1,april.hart@uh.com
54,Joshua Collins,Developer,2023-06-18,80800.92,1,joshua.collins@uh.com
55,Neil Winters,Developer,2023-01-22,61351.21,1,neil.winters@uh.com
56,Jillian Coffey,Designer,2020-12-05,85029.92,3,jillian.coffey@uh.com
57,Valerie Torres,Manager,2023-07-26,61460.6,2,valerie.torres@uh.com
58,William Myers,Manager,2020-04-27,64731.65,1,william.myers@uh.com
59,Gina Kramer,Analyst,2020-09-04,60751.61,1,gina.kramer@uh.com
60,Paula Washington,Designer,2023-08-06,92527.88,1,paula.washington@uh.com
61,Ryan Quinn MD,Manager,2023-01-10,38365.23,2,ryan.quinn.md@uh.com
62,Alexandra White,Manager,2022-05-29,48734.24,1,alexandra.white@uh.com
63,Crystal Jackson,HR,2022-09-22,45872.58,2,crystal.jackson@uh.com
64,Rachel Simpson,Developer,2023-10-25,97405.08,1,rachel.simpson@uh.com
65,Teresa Carter,HR,2021-06-11,75043.2,1,teresa.carter@uh.com
66,Lonnie Ochoa,Analyst,2020-05-09,61544.13,3,lonnie.ochoa@uh.com
67,Leonard Munoz,Analyst,2021-06-11,81207.91,2,leonard.munoz@uh.com
68,Steven Williams,Developer,2021-02-22,42853.07,2,steven.williams@uh.com
69,Charles Edwards,HR,2022-03-05,77712.98,2,charles.edwards@uh.com
70,Jennifer Diaz,Designer,2021-07-16,69053.89,1,jennifer.diaz@uh.com
71,Ethan Miller,Manager,2023-10-19,64340.7,3,ethan.miller@uh.com
72,Mr. Brett Reyes,Developer,2023-10-15,32209.64,1,mr..brett.reyes@uh.com
73,Jessica Reed,Manager,2023-08-21,98718.47,2,jessica.reed@uh.com
74,Paula Elliott,Developer,2022-06-21,67854.5,2,paula.elliott@uh.com
75,Daniel Gardner,Manager,2021-08-19,42406.92,3,daniel.gardner@uh.com
76,Cynthia Evans,HR,2021-03-07,80081.34,3,cynthia.evans@uh.com
77,Paula Burnett,HR,2021-07-28,79208.62,3,paula.burnett@uh.com
78,Mackenzie Rogers,HR,2021-03-13,30898.58,3,mackenzie.rogers@uh.com
79,Mark Huber,HR,2022-10-29,58022.57,2,mark.huber@uh.com
80,Alyssa Manning,Designer,2021-06-01,45002.32,2,alyssa.manning@uh.com
81,Linda Jones,Developer,2022-08-24,40796.07,3,linda.jones@uh.com
82,Richard Stephens,Developer,2020-11-18,96647.67,1,richard.stephens@uh.com
83,Christina Clark,Developer,2021-09-09,49337.93,3,christina.clark@uh.com
84,Helen Hood,Manager,2020-03-29,32371.69,2,helen.hood@uh.com
85,Susan Alexander,Analyst,2023-08-03,91350.54,1,susan.alexander@uh.com
86,Diane Collins,Designer,2021-10-16,32318.79,3,diane.collins@uh.com
87,Audrey White,Analyst,2022-05-16,81245.64,2,audrey.white@uh.com
88,Michael Freeman,Designer,2021-12-20,55608.8,3,michael.freeman@uh.com
89,Shannon Williams,Designer,2023-10-06,70524.92,3,shannon.williams@uh.com
90,Rachel Wilson,Designer,2020-07-21,65605.21,1,rachel.wilson@uh.com
91,Ashlee Barber,Analyst,2020-07-11,49329.69,1,ashlee.barber@uh.com
92,Joshua Austin,Analyst,2022-04-16,81808.93,3,joshua.austin@uh.com
93,Stephanie Wallace,Developer,2022-10-29,31906.39,1,stephanie.wallace@uh.com
94,Tanya Mcdonald,Analyst,2020-08-12,49207.23,2,tanya.mcdonald@uh.com
95,Nathaniel Dunn,Designer,2022-09-29,61416.87,2,nathaniel.dunn@uh.com
96,James Johnson,Designer,2023-06-22,60913.11,1,james.johnson@uh.com
97,Lisa Thomas,Analyst,2021-11-16,66484.42,1,lisa.thomas@uh.com
98,Eric Wilson,HR,2020-10-10,50053.24,3,eric.wilson@uh.com
99,Michelle Monroe,Designer,2020-09-16,51602.61,1,michelle.monroe@uh.com
100,Jennifer Pineda,Developer,2023-05-18,97511.51,3,jennifer.pineda@uh.com
101,Stephanie Norman,Manager,2021-12-25,93249.2,2,stephanie.norman@uh.com
102,Robert Ryan,Designer,2023-07-27,71756.33,1,robert.ryan@uh.com
103,Luke Shaffer,Manager,2023-03-05,51249.69,2,luke.shaffer@uh.com
104,Amanda Rodriguez,Manager,2020-03-31,78092.83,3,amanda.rodriguez@uh.com
105,Robert Evans,HR,2023-02-22,92028.3,2,robert.evans@uh.com
106,Kimberly Stanley MD,Designer,2021-11-19,35605.45,3,kimberly.stanley.md@uh.com
107,Thomas Orr,HR,2022-11-07,92761.07,2,thomas.orr@uh.com
108,Lisa Caldwell,Manager,2023-06-21,66531.39,2,lisa.caldwell@uh.com
109,Karla Martin,Developer,2022-01-17,45176.34,3,karla.martin@uh.com
110,Todd Duffy,Analyst,2021-01-31,62480.39,2,todd.duffy@uh.com
111,Sean Thomas,Analyst,2021-08-23,55891.89,3,sean.thomas@uh.com
112,Jerry Woodard,Analyst,2022-12-19,46306.5,3,jerry.woodard@uh.com
113,Juan Bruce,HR,2023-04-29,36529.68,1,juan.bruce@uh.com
114,Gabriel Bailey,Designer,2022-02-26,95496.38,1,gabriel.bailey@uh.com
115,Christopher Harrison,Developer,2022-02-08,87906.56,3,christopher.harrison@uh.com
116,Kathryn Smith,Manager,2023-11-09,42844.85,2,kathryn.smith@uh.com
117,Samantha Long,Analyst,2020-04-15,70209.87,1,samantha.long@uh.com
118,Ronald Smith,Designer,2021-07-31,79200.22,3,ronald.smith@uh.com
119,Matthew Mendez,Analyst,2022-04-22,88734.88,2,matthew.mendez@uh.com
120,Katelyn Garcia,HR,2021-06-24,63190.2,2,katelyn.garcia@uh.com
121,Brianna Williams,Developer,2022-11-05,64816.69,3,brianna.williams@uh.com
122,Cody Smith,Developer,2021-03-01,58022.73,2,cody.smith@uh.com
123,Jonathan Brady,Analyst,2020-05-11,46207.01,3,jonathan.brady@uh.com
124,Kimberly Perry,Developer,2023-04-06,66476.14,1,kimberly.perry@uh.com
125,Kevin Hernandez,Designer,2020-04-25,35263.35,2,kevin.hernandez@uh.com
126,Greg Stark,Manager,2023-08-25,48143.21,1,greg.stark@uh.com
127,Cynthia Mckee,HR,2022-05-09,83304.43,3,cynthia.mckee@uh.com
128,Gregory Ward,HR,2020-02-29,83439.71,2,gregory.ward@uh.com
129,Katherine Lopez,Manager,2023-10-05,38603.26,1,katherine.lopez@uh.com
130,Christina Jefferson,Analyst,2020-07-16,66995.05,2,christina.jefferson@uh.com
131,Allen Peters,Manager,2021-02-19,98487.26,1,allen.peters@uh.com
132,Jacob Pennington,Manager,2020-06-14,47395.02,3,jacob.pennington@uh.com
133,Samantha Price,HR,2023-07-23,58511.72,1,samantha.price@uh.com
134,Richard Garcia,Analyst,2022-11-19,97850.88,2,richard.garcia@uh.com
135,Angela Allen,Developer,2023-09-28,89629.67,1,angela.allen@uh.com
136,Mark Bridges,Analyst,2022-07-10,51238.77,3,mark.bridges@uh.com
137,Anna Parker,HR,2021-06-14,51938.18,3,anna.parker@uh.com
138,Ryan Olsen,Analyst,2022-07-16,83354.86,2,ryan.olsen@uh.com
139,Dominic Miles,Analyst,2021-04-14,94212.04,2,dominic.miles@uh.com
140,Alyssa Johnson,Developer,2021-09-16,79302.49,3,alyssa.johnson@uh.com
141,Edward Taylor,Developer,2022-10-22,93353.93,1,edward.taylor@uh.com
142,Melissa Little,Manager,2022-05-13,70402.13,2,melissa.little@uh.com
143,Kevin Sanders,HR,2021-07-08,95870.81,1,kevin.sanders@uh.com
144,William Gray,Designer,2021-05-20,74427.09,3,william.gray@uh.com
145,Amanda Hahn,Manager,2022-06-23,42762.33,2,amanda.hahn@uh.com
146,Christopher Sanders,Developer,2022-07-03,76247.6,1,christopher.sanders@uh.com
147,Jason Williams,Analyst,2020-06-20,57245.63,3,jason.williams@uh.com
148,Bonnie Jones,Designer,2022-09-21,59486.25,1,bonnie.jones@uh.com
149,Brian Galloway,Manager,2022-02-24,48263.08,2,brian.galloway@uh.com
150,Lisa Contreras,Developer,2022-09-22,60477.6,3,lisa.contreras@uh.com
151,Russell Vaughn,Developer,2022-01-25,94229.17,3,russell.vaughn@uh.com
152,Miranda Smith,Designer,2021-06-11,89923.58,1,miranda.smith@uh.com
153,Mark Gonzales,Designer,2023-06-03,97061.95,2,mark.gonzales@uh.com
154,Corey Acosta,Developer,2020-11-17,92836.07,1,corey.acosta@uh.com
155,April James,Developer,2022-01-20,62397.15,2,april.james@uh.com
156,Elizabeth Gonzalez,HR,2020-11-02,34573.15,3,elizabeth.gonzalez@uh.com
157,Robin Chase,Manager,2023-01-17,87413.72,1,robin.chase@uh.com
158,William Kline,Developer,2023-02-01,30310.28,2,william.kline@uh.com
159,John Smith,HR,2023-01-24,50122.62,3,john.smith@uh.com
160,Pamela Lopez,HR,2020-05-01,63386.17,3,pamela.lopez@uh.com
161,Daniel Barnett,Manager,2021-04-06,36629.39,2,daniel.barnett@uh.com
162,Kelsey Soto,Manager,2020-03-17,40898.97,3,kelsey.soto@uh.com
163,Misty Gutierrez,Manager,2023-06-20,62112.35,1,misty.gutierrez@uh.com
164,Aaron Cooper MD,Manager,2022-01-09,83039.54,2,aaron.cooper.md@uh.com
165,Robert Reid,HR,2023-01-16,77283.43,3,robert.reid@uh.com
166,Amber Roberts,Manager,2021-07-09,97033.56,1,amber.roberts@uh.com
167,Kristen Patrick,Designer,2021-08-31,35030.11,1,kristen.patrick@uh.com
168,Amber Wu,Manager,2022-07-09,30953.95,3,amber.wu@uh.com
169,Paul Campbell,Developer,2021-04-16,94145.79,3,paul.campbell@uh.com
170,Stephanie Mccall,HR,2021-02-12,33608.86,2,stephanie.mccall@uh.com
171,Tiffany Bowman,Analyst,2023-09-30,38146.22,3,tiffany.bowman@uh.com
172,Roberta Miller,Analyst,2023-11-08,42615.09,1,roberta.miller@uh.com
173,Joseph Arellano,Designer,2022-08-03,34879.46,3,joseph.arellano@uh.com
174,Carl Mckenzie,Designer,2022-03-28,80009.02,3,carl.mckenzie@uh.com
175,Ruth Parker,Analyst,2020-05-15,63763.69,2,ruth.parker@uh.com
176,Bill Blackburn,Manager,2021-12-13,96762.46,3,bill.blackburn@uh.com
177,Ross Odom,Manager,2020-01-28,96481.79,1,ross.odom@uh.com
178,Austin Flynn,Developer,2020-10-23,89904.75,1,austin.flynn@uh.com
179,Susan Adkins,HR,2021-07-20,53354.24,1,susan.adkins@uh.com
180,Courtney Gray,Manager,2020-08-27,52837.42,1,courtney.gray@uh.com
181,Donna Garcia,Designer,2020-05-15,73339.71,2,donna.garcia@uh.com
182,Jesse Baker Jr.,Analyst,2021-04-02,52732.85,3,jesse.baker.jr.@uh.com
183,Christine Berger,Analyst,2022-06-15,53595.69,3,christine.berger@uh.com
184,James Wilson,Designer,2021-08-28,47569.63,1,james.wilson@uh.com
185,Michael Soto PhD,Designer,2020-11-22,40466.26,1,michael.soto.phd@uh.com
186,Michael Chandler,HR,2020-09-21,31748.18,1,michael.chandler@uh.com
187,Joseph Rogers,Analyst,2021-08-13,74136.99,3,joseph.rogers@uh.com
188,Phillip Roberts,Designer,2021-08-25,56163.86,3,phillip.roberts@uh.com
189,Elizabeth Hill,Manager,2021-09-24,43804.8,3,elizabeth.hill@uh.com
190,Robert Gilbert,Designer,2020-01-21,57500.61,1,robert.gilbert@uh.com
191,Amy Dodson,Analyst,2023-03-01,63695.19,3,amy.dodson@uh.com
192,Barbara Jones,Manager,2023-04-11,39862.95,3,barbara.jones@uh.com
193,Derek Medina,Designer,2022-01-12,44632.39,2,derek.medina@uh.com
194,Robert Hamilton,Manager,2021-05-06,82899.56,3,robert.hamilton@uh.com
195,Henry Welch,Developer,2020-06-21,71290.76,2,henry.welch@uh.com
196,Samantha Perez,Analyst,2020-10-16,77163.79,1,samantha.perez@uh.com
197,Donna Henry,Developer,2022-04-25,77724.38,2,donna.henry@uh.com
198,Charles Henry,Designer,2020-10-09,75507.89,2,charles.henry@uh.com
199,Shari Williams,HR,2023-01-05,86105.85,1,shari.williams@uh.com
200,Denise Johnson,HR,2021-10-17,39807.96,3,denise.johnson@uh.com
201,Patricia Hernandez,Developer,2023-05-26,98787.7,2,patricia.hernandez@uh.com
202,Brian Mcguire,HR,2021-07-30,67073.23,1,brian.mcguire@uh.com
203,Erin Torres,HR,2020-08-06,45840.02,3,erin.torres@uh.com
204,Marcus Quinn,Analyst,2021-01-27,84704.51,3,marcus.quinn@uh.com
205,Jennifer Fitzgerald,Manager,2022-06-16,83652.51,3,jennifer.fitzgerald@uh.com
206,Charles Curtis,Manager,2022-06-30,48689.57,1,charles.curtis@uh.com
207,William Mcmillan,Designer,2022-12-08,30412.25,1,william.mcmillan@uh.com
208,Jeffrey Nunez,Manager,2022-11-27,83487.52,3,jeffrey.nunez@uh.com
209,Harry Lewis,Manager,2020-07-09,46867.59,2,harry.lewis@uh.com
210,Mark Davis,Developer,2022-10-20,47133.15,2,mark.davis@uh.com
211,Seth Williamson,Designer,2023-01-07,87539.47,1,seth.williamson@uh.com
212,Penny Harris,Analyst,2022-05-01,41901.98,3,penny.harris@uh.com
213,Laurie Bowen,Analyst,2021-11-15,67227.93,2,laurie.bowen@uh.com
214,Tamara White,Designer,2021-08-17,99875.22,1,tamara.white@uh.com
215,Travis Howard,HR,2021-04-21,59551.61,1,travis.howard@uh.com
216,James Stokes,Analyst,2020-09-04,73082.83,3,james.stokes@uh.com
217,Jason Schultz,Designer,2021-05-10,38010.97,2,jason.schultz@uh.com
218,Bryan Walker,Developer,2023-02-17,40520.22,3,bryan.walker@uh.com
219,Dr. John Davis,Manager,2021-05-20,99431.56,1,dr..john.davis@uh.com
220,Elizabeth Blankenship,Developer,2021-11-30,81199.72,2,elizabeth.blankenship@uh.com
221,Jocelyn Hanson,Developer,2021-03-15,98675.64,1,jocelyn.hanson@uh.com
222,Jared Herrera,HR,2022-11-15,36843.24,2,jared.herrera@uh.com
223,Gina Jackson,Analyst,2022-01-27,37648.13,2,gina.jackson@uh.com
224,Amanda Decker,Designer,2020-05-30,73202.86,2,amanda.decker@uh.com
225,Michael Armstrong,Designer,2020-11-02,37847.14,1,michael.armstrong@uh.com
226,Stacy Martin,HR,2021-07-31,32270.78,2,stacy.martin@uh.com
227,George Jarvis,Analyst,2020-10-24,56945.27,2,george.jarvis@uh.com
228,Ian Beard,Designer,2023-05-09,72414.66,1,ian.beard@uh.com
229,Kevin Ferrell,HR,2020-08-20,92163.15,3,kevin.ferrell@uh.com
230,Angela Burgess,Developer,2020-02-16,89450.77,3,angela.burgess@uh.com
231,Vanessa Smith,Analyst,2023-03-22,48407.58,2,vanessa.smith@uh.com
232,Joseph Lara,Developer,2020-01-29,57121.35,1,joseph.lara@uh.com
233,Heather Harris,Designer,2022-07-08,85521.44,2,heather.harris@uh.com
234,Kevin Johnson,Analyst,2022-09-07,85982.92,3,kevin.johnson@uh.com
235,Chelsea Bright,Analyst,2022-09-22,52021.6,3,chelsea.bright@uh.com
236,Matthew Price,Developer,2021-07-22,35979.88,1,matthew.price@uh.com
237,Kevin Wilson,Designer,2021-07-02,47647.75,1,kevin.wilson@uh.com
238,Aaron Burnett,Analyst,2023-02-08,81494.39,3,aaron.burnett@uh.com
239,John Vega,HR,2022-11-22,60314.45,3,john.vega@uh.com
240,Paul Castillo,Designer,2020-10-03,82467.77,1,paul.castillo@uh.com
241,Patrick Hamilton,HR,2020-02-01,62534.6,2,patrick.hamilton@uh.com
242,Sara Gates,Manager,2021-10-05,66774.61,3,sara.gates@uh.com
243,Diana Whitney,Analyst,2022-01-17,46199.23,2,diana.whitney@uh.com
244,Lisa Martin,HR,2023-04-16,42127.93,1,lisa.martin@uh.com
245,Richard Craig,Developer,2020-10-04,36013.53,2,richard.craig@uh.com
246,Dana Gray,Manager,2021-09-03,72062.75,2,dana.gray@uh.com
247,Lori Ross,Developer,2020-12-31,54316.12,1,lori.ross@uh.com
248,Andre Hernandez,Analyst,2023-05-01,89510.66,1,andre.hernandez@uh.com
249,Megan Lopez,Designer,2021-05-03,80871.13,3,megan.lopez@uh.com
250,Anthony Scott,Developer,2021-11-19,35347.66,2,anthony.scott@uh.com
251,James Gutierrez,Manager,2023-09-02,48809.78,1,james.gutierrez@uh.com
252,Charles Cook,Analyst,2023-01-07,95366.89,1,charles.cook@uh.com
253,Austin Mclaughlin,Analyst,2023-08-06,85603.85,2,austin.mclaughlin@uh.com
254,Michael Farrell,Manager,2020-12-11,64680.21,1,michael.farrell@uh.com
255,Samantha Smith,Designer,2020-10-28,37673.46,1,samantha.smith@uh.com
256,Ruth Henderson,Developer,2022-05-06,79931.68,1,ruth.henderson@uh.com
257,Samuel Ruiz,HR,2023-05-05,81108.34,3,samuel.ruiz@uh.com
258,Alexis Turner,Manager,2023-04-10,67903.73,1,alexis.turner@uh.com
259,James Sanchez,Designer,2022-02-04,47625.19,3,james.sanchez@uh.com
260,Brandy Lewis,Analyst,2022-10-29,76293.14,2,brandy.lewis@uh.com
261,Michael Gomez,Designer,2023-01-24,62597.77,1,michael.gomez@uh.com
262,Kathryn Smith,Developer,2021-07-23,93881.47,2,kathryn.smith@uh.com
263,Mathew Brown,Manager,2020-12-01,68928.6,1,mathew.brown@uh.com
264,Matthew Shea,Manager,2022-08-12,40224.53,1,matthew.shea@uh.com
265,Andrew Garcia,HR,2022-07-03,76302.24,2,andrew.garcia@uh.com
266,Matthew Garcia,Analyst,2021-06-01,65167.35,3,matthew.garcia@uh.com
267,Catherine Scott,Developer,2023-09-06,99639.66,3,catherine.scott@uh.com
268,Mrs. Sheri Johnson,Manager,2023-11-01,58055.74,2,mrs..sheri.johnson@uh.com
269,Jesse Diaz,Designer,2022-02-13,40127.04,2,jesse.diaz@uh.com
270,Meghan Ferrell,Developer,2021-05-02,60373.08,3,meghan.ferrell@uh.com
271,Brandy Rice,Developer,2022-03-29,50620.3,3,brandy.rice@uh.com
272,David Odom,Manager,2020-06-30,41659.88,1,david.odom@uh.com
273,Marcia Gomez,Manager,2022-09-10,56483.12,3,marcia.gomez@uh.com
274,Kevin Clark,HR,2022-09-12,31356.76,2,kevin.clark@uh.com
275,Eugene Rodriguez,Manager,2022-01-12,32811.63,2,eugene.rodriguez@uh.com
276,Gregg Brown,Analyst,2020-01-17,33488.06,2,gregg.brown@uh.com
277,Deborah Walker,Analyst,2023-09-18,69927.64,1,deborah.walker@uh.com
278,Linda Watson,HR,2021-10-07,78084.87,3,linda.watson@uh.com
279,Rebekah Jones,Analyst,2021-08-07,96783.53,1,rebekah.jones@uh.com
280,Melody Brandt,Manager,2021-08-05,65018.0,1,melody.brandt@uh.com
281,Daniel Spencer,Developer,2023-03-31,80894.26,1,daniel.spencer@uh.com
282,Theresa Day,Designer,2022-04-11,36951.9,3,theresa.day@uh.com
283,Colleen Kaiser,HR,2023-02-08,65212.78,2,colleen.kaiser@uh.com
284,Matthew Mann,HR,2022-12-05,64095.96,2,matthew.mann@uh.com
285,Sharon Wong,Designer,2022-10-29,50328.31,1,sharon.wong@uh.com
286,Kerry Washington,Analyst,2021-12-17,58705.13,1,kerry.washington@uh.com
287,Rebecca Thompson,Manager,2022-10-26,68821.1,3,rebecca.thompson@uh.com
288,Christopher Bowman,HR,2022-03-01,94978.11,1,christopher.bowman@uh.com
289,Jessica Mcdonald,HR,2023-05-14,72654.47,3,jessica.mcdonald@uh.com
290,Ellen Patterson,Analyst,2022-09-27,46148.17,3,ellen.patterson@uh.com
291,Jessica Williams,Developer,2021-03-20,66362.44,2,jessica.williams@uh.com
292,Vincent Weber,Developer,2020-01-14,44627.47,3,vincent.weber@uh.com
293,John Young DDS,Developer,2020-04-23,87939.2,3,john.young.dds@uh.com
294,Vanessa Mcclure,Manager,2022-03-14,52535.14,1,vanessa.mcclure@uh.com
295,Zachary Morgan,Manager,2021-01-13,82003.56,3,zachary.morgan@uh.com
296,Brandon Perry,HR,2022-01-24,68530.41,2,brandon.perry@uh.com
297,Matthew Martin,Manager,2023-05-07,74452.76,3,matthew.martin@uh.com
298,Louis Pugh,Manager,2021-02-03,84077.66,2,louis.pugh@uh.com
299,Marcus Martinez,HR,2022-05-19,75803.22,3,marcus.martinez@uh.com
300,Kenneth Davis,Analyst,2022-08-21,99974.6,2,kenneth.davis@uh.com
301,Robert Hines,Developer,2021-01-01,72586.11,1,robert.hines@uh.com
302,Amanda Meyer,HR,2021-12-03,45613.35,2,amanda.meyer@uh.com
303,Nicole Houston DVM,Designer,2020-03-15,85256.77,3,nicole.houston.dvm@uh.com
304,Lori Baker,Analyst,2020-06-15,70619.37,3,lori.baker@uh.com
305,Donald Baker,Manager,2021-04-24,31563.76,1,donald.baker@uh.com
306,Morgan Hill,Designer,2020-06-08,45668.18,2,morgan.hill@uh.com
307,James Cole,Analyst,2022-10-07,87576.64,3,james.cole@uh.com
308,Melissa Moody,Analyst,2022-09-02,31603.78,2,melissa.moody@uh.com
309,Bailey Fisher,Manager,2021-06-06,65284.47,3,bailey.fisher@uh.com
310,Deborah Strong,HR,2021-06-15,93869.37,2,deborah.strong@uh.com
311,Edward Foley,Analyst,2020-06-19,47710.56,2,edward.foley@uh.com
312,Nicole Sawyer,Manager,2020-06-30,49029.92,1,nicole.sawyer@uh.com
313,Lawrence Miller,Designer,2022-05-23,78902.81,3,lawrence.miller@uh.com
314,David Gregory,Designer,2022-10-18,87414.93,2,david.gregory@uh.com
315,John Rodriguez,Manager,2020-10-20,45433.33,1,john.rodriguez@uh.com
316,Phyllis Phelps,Designer,2022-11-02,55387.41,2,phyllis.phelps@uh.com
317,Katrina Ingram,Developer,2020-03-19,52054.0,3,katrina.ingram@uh.com
318,Derek Hernandez,Developer,2020-03-22,35460.85,3,derek.hernandez@uh.com
319,Heather Bean,Analyst,2021-09-30,87520.26,1,heather.bean@uh.com
320,Bradley Delgado,Designer,2023-05-30,98019.97,2,bradley.delgado@uh.com
321,John Davila,Manager,2023-02-04,70906.38,3,john.davila@uh.com
322,Miss Jill Murphy,HR,2022-01-15,72080.62,2,miss.jill.murphy@uh.com
323,Amy Smith,HR,2023-05-12,83418.85,3,amy.smith@uh.com
324,Amanda Ellis,HR,2023-08-03,66201.48,3,amanda.ellis@uh.com
325,Angela Edwards,Designer,2021-02-13,44687.04,1,angela.edwards@uh.com
326,William Graves,Developer,2023-07-31,71960.74,3,william.graves@uh.com
327,Richard Brown,Developer,2022-02-27,42904.1,1,richard.brown@uh.com
328,Dawn Webb,HR,2020-02-17,84908.3,1,dawn.webb@uh.com
329,Jeffrey Quinn,Designer,2021-06-18,80491.7,2,jeffrey.quinn@uh.com
330,Kevin Craig,Designer,2020-09-03,91159.73,2,kevin.craig@uh.com
331,Leonard Williams,Analyst,2023-10-26,94440.76,3,leonard.williams@uh.com
332,Elizabeth Hahn,Designer,2020-08-28,66473.83,1,elizabeth.hahn@uh.com
333,Jonathan Sanchez,HR,2020-05-10,59522.78,2,jonathan.sanchez@uh.com
334,Brent Malone,Analyst,2022-08-27,58243.49,3,brent.malone@uh.com
335,Mr. Peter Romero DVM,Developer,2022-12-22,40128.61,3,mr..peter.romero.dvm@uh.com
336,Mrs. Chelsey Black,Designer,2021-06-22,56365.45,3,mrs..chelsey.black@uh.com
337,Aaron Obrien,Developer,2023-04-18,71456.05,2,aaron.obrien@uh.com
338,Kathleen Dixon,Designer,2021-08-12,57778.24,1,kathleen.dixon@uh.com
339,Erin Henderson,Developer,2023-06-16,58551.71,1,erin.henderson@uh.com
340,Jennifer Arellano,Analyst,2022-08-20,37163.34,2,jennifer.arellano@uh.com
341,Lucas Allen,Developer,2020-11-05,76585.74,1,lucas.allen@uh.com
342,Lindsay Mcdowell,Designer,2021-09-09,33507.04,2,lindsay.mcdowell@uh.com
343,David Pierce,Manager,2021-12-10,80524.7,2,david.pierce@uh.com
344,Donald Harrison,HR,2022-05-11,87928.77,3,donald.harrison@uh.com
345,Susan Winters,HR,2021-03-04,98827.96,3,susan.winters@uh.com
346,Megan Salas,Designer,2023-04-30,76305.57,3,megan.salas@uh.com
347,William David,Manager,2021-02-25,68770.73,1,william.david@uh.com
348,Lisa Todd,Analyst,2023-05-05,54733.02,2,lisa.todd@uh.com
349,Dr. Monica Henry,Designer,2021-05-11,35647.49,3,dr..monica.henry@uh.com
350,Teresa Cruz,Manager,2021-07-24,36656.62,2,teresa.cruz@uh.com
351,Michael Obrien,Developer,2020-07-27,34403.48,2,michael.obrien@uh.com
352,Daryl Austin,Designer,2022-09-30,36716.42,3,daryl.austin@uh.com
353,Marcus Duarte,Designer,2022-03-30,95579.07,3,marcus.duarte@uh.com
354,Katie Caldwell,Designer,2023-01-21,97484.15,3,katie.caldwell@uh.com
355,Michael Bennett,Developer,2020-08-09,58195.6,2,michael.bennett@uh.com
356,Michelle Cooper,Developer,2023-04-30,96651.43,3,michelle.cooper@uh.com
357,Michael Barton,Designer,2021-05-14,71859.29,1,michael.barton@uh.com
358,Sandra Serrano,Designer,2022-05-25,99901.16,2,sandra.serrano@uh.com
359,Caleb Sullivan,Developer,2020-12-12,55732.6,3,caleb.sullivan@uh.com
360,Louis Stanley,Manager,2020-08-06,73947.29,2,louis.stanley@uh.com
361,Emily Jones,Manager,2022-05-16,56875.06,1,emily.jones@uh.com
362,George Shaw,Manager,2022-04-04,86399.26,3,george.shaw@uh.com
363,Kristin Williams,HR,2020-04-22,64206.88,1,kristin.williams@uh.com
364,Sandra Kent,Analyst,2022-10-09,88721.99,1,sandra.kent@uh.com
365,Sara Ruiz,Manager,2021-06-18,69812.62,2,sara.ruiz@uh.com
366,Frank Zamora,HR,2021-03-21,78553.88,3,frank.zamora@uh.com
367,Raymond Pierce,Developer,2022-05-28,78881.62,2,raymond.pierce@uh.com
368,Daniel Hamilton,Manager,2023-05-25,62733.1,2,daniel.hamilton@uh.com
369,Julia Walker,Designer,2021-08-02,51238.51,2,julia.walker@uh.com
370,Angelica Jones,Manager,2022-10-26,68537.68,1,angelica.jones@uh.com
371,Andrew Carlson,Developer,2022-06-15,60824.52,2,andrew.carlson@uh.com
372,Arthur Cervantes,Developer,2020-10-28,70803.03,1,arthur.cervantes@uh.com
373,Matthew Hicks,HR,2020-08-18,40330.27,1,matthew.hicks@uh.com
374,Frank Norton,Analyst,2021-10-11,67435.78,3,frank.norton@uh.com
375,Caroline Russell,Manager,2022-04-25,90121.75,2,caroline.russell@uh.com
376,Timothy Watson,Developer,2022-11-19,74275.34,1,timothy.watson@uh.com
377,Roberto Smith,HR,2020-10-06,86071.18,1,roberto.smith@uh.com
378,Gary Wilcox,Manager,2020-06-11,36362.78,3,gary.wilcox@uh.com
379,Susan Ingram,Manager,2021-09-24,37721.42,3,susan.ingram@uh.com
380,Lauren Thomas,Developer,2022-09-04,76259.39,2,lauren.thomas@uh.com
381,Linda Hansen,Analyst,2021-03-15,53163.95,2,linda.hansen@uh.com
382,Charles Contreras,Designer,2022-01-28,49322.04,2,charles.contreras@uh.com
383,Carla Nelson,Manager,2023-11-06,94428.66,1,carla.nelson@uh.com
384,Emily Evans,Developer,2022-05-05,63943.18,3,emily.evans@uh.com
385,Timothy Knox MD,Designer,2021-08-02,56804.59,2,timothy.knox.md@uh.com
386,Leslie Lee,HR,2022-12-17,31766.25,1,leslie.lee@uh.com
387,Wendy White,Developer,2023-04-13,80798.79,1,wendy.white@uh.com
388,William Dudley,HR,2023-07-27,94700.83,1,william.dudley@uh.com
389,Jackie Morris,Designer,2021-03-27,33046.26,1,jackie.morris@uh.com
390,Larry Avila,Analyst,2022-09-29,55699.48,1,larry.avila@uh.com
391,Tara Miller,Analyst,2022-02-09,70816.59,2,tara.miller@uh.com
392,Rhonda Ryan,Developer,2021-07-28,56969.07,2,rhonda.ryan@uh.com
393,William Chang,Designer,2023-04-05,57912.25,1,william.chang@uh.com
394,Angela Edwards,Developer,2021-09-21,97951.37,1,angela.edwards@uh.com
395,Dawn Coleman,HR,2022-03-12,40254.71,3,dawn.coleman@uh.com
396,Jacqueline Gardner,Manager,2020-08-23,71580.51,2,jacqueline.gardner@uh.com
397,Sean Griffin,Designer,2022-06-20,95169.5,3,sean.griffin@uh.com
398,Anita Smith,Designer,2020-08-19,32793.51,2,anita.smith@uh.com
399,Audrey Brown,HR,2022-01-23,95208.19,2,audrey.brown@uh.com
400,Richard Johnson,Designer,2022-05-19,51195.43,1,richard.johnson@uh.com
401,Jasmine Patterson,Developer,2020-12-07,32815.97,1,jasmine.patterson@uh.com
402,Natasha Figueroa,Analyst,2021-08-13,50573.25,3,natasha.figueroa@uh.com
403,Matthew Austin,HR,2020-03-05,64471.48,1,matthew.austin@uh.com
404,Crystal Drake,Designer,2022-12-28,54963.67,1,crystal.drake@uh.com
405,Kelly Hobbs,HR,2022-01-05,56313.69,1,kelly.hobbs@uh.com
406,Eric Livingston,Developer,2023-03-13,58935.06,2,eric.livingston@uh.com
407,Scott Pham,Manager,2020-01-16,54018.12,3,scott.pham@uh.com
408,Kevin Patterson,Manager,2021-01-17,54472.51,3,kevin.patterson@uh.com
409,Kelly Foster,Manager,2020-01-04,51526.01,3,kelly.foster@uh.com
410,Gina Page,HR,2023-05-11,90324.48,3,gina.page@uh.com
411,Elizabeth Curtis,Developer,2021-12-30,77165.25,2,elizabeth.curtis@uh.com
412,Patricia White,Manager,2022-10-09,95843.96,2,patricia.white@uh.com
413,Stacey Winters,Designer,2021-03-05,45079.5,3,stacey.winters@uh.com
414,Vanessa Collier,Manager,2023-09-19,45598.1,3,vanessa.collier@uh.com
415,Brian Ramirez Jr.,Manager,2022-04-10,55372.89,1,brian.ramirez.jr.@uh.com
416,Dawn Smith,Designer,2022-12-14,86975.84,1,dawn.smith@uh.com
417,Kelly Lewis,Analyst,2021-03-10,54277.52,3,kelly.lewis@uh.com
418,Gary Spencer,Developer,2023-08-13,87141.62,2,gary.spencer@uh.com
419,Steven Stewart,Designer,2020-11-18,68164.62,1,steven.stewart@uh.com
420,Kevin Dunn,Designer,2022-05-15,50148.12,2,kevin.dunn@uh.com
421,Marcus Kemp,Developer,2020-01-21,34601.39,3,marcus.kemp@uh.com
422,Stacey Price,Manager,2020-10-21,76180.28,2,stacey.price@uh.com
423,Kristin Mckinney,Developer,2023-08-31,72826.65,1,kristin.mckinney@uh.com
424,Sarah Garcia,Developer,2022-04-18,38498.84,3,sarah.garcia@uh.com
425,Kerry Wright,Analyst,2022-10-29,64894.26,1,kerry.wright@uh.com
426,Curtis Young,Designer,2021-02-16,36586.97,2,curtis.young@uh.com
427,Christopher Mcguire,Developer,2022-02-06,54988.84,2,christopher.mcguire@uh.com
428,Lisa Duke,Analyst,2022-01-14,73026.88,1,lisa.duke@uh.com
429,Daniel Leonard,Analyst,2021-02-11,51417.51,3,daniel.leonard@uh.com
430,Robert Aguirre,Manager,2021-08-19,79459.71,2,robert.aguirre@uh.com
431,Rebecca Ruiz,Designer,2023-02-22,78608.12,1,rebecca.ruiz@uh.com
432,Jason Nelson,Analyst,2023-07-08,94186.98,2,jason.nelson@uh.com
433,Karen Lopez,Manager,2021-10-06,70948.85,3,karen.lopez@uh.com
434,Brian Wallace,Developer,2023-06-22,63201.02,3,brian.wallace@uh.com
435,Stephanie Collins,Analyst,2020-02-02,93297.72,2,stephanie.collins@uh.com
436,Cathy Jacobson,Manager,2023-02-08,43360.47,3,cathy.jacobson@uh.com
437,Ashley Walker,Designer,2023-02-10,81059.59,1,ashley.walker@uh.com
438,Herbert Bowman,Developer,2022-01-15,88355.54,2,herbert.bowman@uh.com
439,David Wilkinson,HR,2022-03-16,53872.84,2,david.wilkinson@uh.com
440,Kaitlyn Daniels,Designer,2021-10-03,64715.1,3,kaitlyn.daniels@uh.com
441,Johnathan Solomon,HR,2020-10-02,92566.98,3,johnathan.solomon@uh.com
442,Mr. Matthew Mccarthy DVM,Developer,2022-07-18,76579.34,3,mr..matthew.mccarthy.dvm@uh.com
443,Dennis Little,Developer,2023-03-19,45295.45,1,dennis.little@uh.com
444,Maria Crawford,HR,2020-07-11,68029.73,2,maria.crawford@uh.com
445,Ann Jacobs,Developer,2022-07-24,53982.07,1,ann.jacobs@uh.com
446,Jessica Moore,Developer,2022-04-21,60213.83,2,jessica.moore@uh.com
447,Robert Martinez,Analyst,2021-08-02,82538.24,3,robert.martinez@uh.com
448,Amy Walton,Designer,2020-08-25,41692.64,3,amy.walton@uh.com
449,Michael Thompson DVM,Developer,2023-07-11,83750.14,1,michael.thompson.dvm@uh.com
450,Keith Berry,Designer,2023-06-21,79630.15,2,keith.berry@uh.com
451,Kendra Harris,Developer,2023-05-18,30836.14,2,kendra.harris@uh.com
452,Donna Norris,Designer,2020-06-18,92304.25,3,donna.norris@uh.com
453,Gregory Jones,Developer,2023-06-02,65098.73,2,gregory.jones@uh.com
454,Stephen Underwood DDS,Developer,2023-01-01,75835.94,1,stephen.underwood.dds@uh.com
455,Melissa Yates,Developer,2022-11-06,87750.25,2,melissa.yates@uh.com
456,Rachel Patterson,HR,2020-03-31,74382.43,1,rachel.patterson@uh.com
457,Peter Carson,Developer,2021-03-27,54099.8,2,peter.carson@uh.com
458,Jodi Adams,Developer,2021-05-30,44903.67,1,jodi.adams@uh.com
459,Patrick Dougherty,Designer,2020-08-02,89174.94,3,patrick.dougherty@uh.com
460,Colleen Sanders,Designer,2021-11-11,86690.9,1,colleen.sanders@uh.com
461,Terry White,HR,2020-06-16,75255.93,1,terry.white@uh.com
462,Susan Price,Developer,2022-07-17,65938.69,3,susan.price@uh.com
463,Crystal Macias,Analyst,2023-10-07,44896.34,3,crystal.macias@uh.com
464,Kristen Jennings,HR,2020-11-05,32238.94,3,kristen.jennings@uh.com
465,Cameron Lee,Developer,2021-08-24,81446.8,3,cameron.lee@uh.com
466,Thomas Blair,Manager,2021-01-08,35951.61,2,thomas.blair@uh.com
467,Aaron Rice,Developer,2020-08-26,74531.35,2,aaron.rice@uh.com
468,Brandon Jones,Manager,2021-08-21,31131.02,1,brandon.jones@uh.com
469,Jill Mann,HR,2020-12-14,71512.34,2,jill.mann@uh.com
470,Jeffrey Miller,Manager,2020-11-15,79137.08,1,jeffrey.miller@uh.com
471,Paul Berger,Developer,2020-07-13,39204.4,3,paul.berger@uh.com
472,Caleb Huang,Manager,2022-03-25,40490.88,2,caleb.huang@uh.com
473,Amber Stanley MD,Analyst,2023-02-09,35569.26,2,amber.stanley.md@uh.com
474,Dale Salazar,HR,2020-10-02,56234.05,1,dale.salazar@uh.com
475,James Meyer,Manager,2020-08-06,45339.61,1,james.meyer@uh.com
476,Thomas Kane,Manager,2020-01-05,66752.69,1,thomas.kane@uh.com
477,Megan Carter,HR,2021-08-17,39963.94,3,megan.carter@uh.com
478,Crystal Parker,Developer,2023-06-24,46765.82,1,crystal.parker@uh.com
479,Courtney Holloway,Developer,2023-08-14,92794.03,2,courtney.holloway@uh.com
480,Vanessa Elliott,Developer,2020-09-17,52334.65,3,vanessa.elliott@uh.com
481,Alexandra Green,Designer,2022-02-05,41329.78,1,alexandra.green@uh.com
482,Erin Glass,Analyst,2023-04-11,83356.14,2,erin.glass@uh.com
483,Anne Hamilton,Developer,2020-12-11,96504.2,1,anne.hamilton@uh.com
484,John Smith,Designer,2022-10-07,89816.48,1,john.smith@uh.com
485,Latasha Davis,Developer,2022-04-06,97960.61,3,latasha.davis@uh.com
486,Michael Smith,Developer,2020-05-27,56854.55,3,michael.smith@uh.com
487,Alicia Watson,Designer,2022-02-24,88279.79,1,alicia.watson@uh.com
488,Kenneth Christensen,Developer,2020-04-28,43062.52,1,kenneth.christensen@uh.com
489,Leslie Mitchell,Developer,2022-08-20,82625.22,2,leslie.mitchell@uh.com
490,Sonya Smith,HR,2022-09-11,73004.29,1,sonya.smith@uh.com
491,Diana Wilson,HR,2021-07-14,87114.75,2,diana.wilson@uh.com
492,Melissa Avery,Analyst,2021-03-24,43228.85,2,melissa.avery@uh.com
493,Lindsey Robinson,Designer,2022-04-17,53549.7,2,lindsey.robinson@uh.com
494,Ashley Pennington,Developer,2022-08-26,53428.68,2,ashley.pennington@uh.com
495,Michael Lopez,Developer,2021-01-18,71995.67,3,michael.lopez@uh.com
496,Eric Austin,Designer,2022-06-18,45787.98,2,eric.austin@uh.com
497,Bryan Simmons,HR,2021-08-01,79342.46,3,bryan.simmons@uh.com
498,Douglas Camacho,Developer,2020-12-23,75474.55,3,douglas.camacho@uh.com
499,Sandra Edwards,Analyst,2021-12-20,93330.82,2,sandra.edwards@uh.com
500,Erin Wagner,Designer,2023-06-16,37708.65,1,erin.wagner@uh.com
501,Riley Rodriguez,Developer,2021-04-01,75485.37,1,riley.rodriguez@uh.com
502,Paul Leblanc,Developer,2021-02-12,69208.95,2,paul.leblanc@uh.com
503,Billy Drake,Manager,2020-03-22,65355.49,3,billy.drake@uh.com
504,Stephanie Bird,Manager,2022-07-24,52241.39,1,stephanie.bird@uh.com
505,Elizabeth Munoz,HR,2022-09-22,84236.81,1,elizabeth.munoz@uh.com
506,Todd Dawson,HR,2023-10-15,82656.3,2,todd.dawson@uh.com
507,Destiny Fowler,Designer,2023-05-13,48119.62,1,destiny.fowler@uh.com
508,Patricia Chandler,Analyst,2023-05-07,43359.45,2,patricia.chandler@uh.com
509,Kayla Ross,Analyst,2020-06-28,77682.49,1,kayla.ross@uh.com
510,Mackenzie Lindsey,Analyst,2020-06-06,65081.3,1,mackenzie.lindsey@uh.com
511,Ashley Sandoval,Analyst,2020-03-26,77829.67,2,ashley.sandoval@uh.com
512,Barbara Smith,HR,2020-06-25,91340.21,1,barbara.smith@uh.com
513,Monica Rojas,Developer,2022-05-12,44493.89,2,monica.rojas@uh.com
514,Margaret Crosby,HR,2023-05-04,47849.61,1,margaret.crosby@uh.com
515,Mary Miller,Manager,2022-01-15,34679.13,2,mary.miller@uh.com
516,Erika West,HR,2021-03-27,35153.58,3,erika.west@uh.com
517,Michelle Barker,Developer,2020-01-24,93084.15,2,michelle.barker@uh.com
518,Brittney Love,Developer,2020-05-27,92435.63,3,brittney.love@uh.com
519,Jill Taylor MD,Developer,2022-04-26,70871.46,3,jill.taylor.md@uh.com
520,Michele Allen,Designer,2020-08-08,40418.9,3,michele.allen@uh.com
521,Bryan Taylor,Analyst,2023-08-07,55611.05,2,bryan.taylor@uh.com
522,Derek Chambers,HR,2020-10-26,54126.55,3,derek.chambers@uh.com
523,Jennifer Hernandez,Manager,2020-12-09,52182.18,3,jennifer.hernandez@uh.com
524,Calvin Long,Developer,2023-06-14,51043.0,2,calvin.long@uh.com
525,Heather Montgomery,Developer,2021-06-12,33831.37,1,heather.montgomery@uh.com
526,Adam Perry,Developer,2023-01-19,41695.17,3,adam.perry@uh.com
527,Joseph Barton,Analyst,2021-11-30,57185.8,1,joseph.barton@uh.com
528,Jeanne Burch,Manager,2022-01-21,47600.25,2,jeanne.burch@uh.com
529,Caleb Taylor,Analyst,2023-06-20,59342.89,2,caleb.taylor@uh.com
530,Cheryl Coleman,Manager,2021-09-26,37251.39,3,cheryl.coleman@uh.com
531,Barbara Herman,HR,2020-02-18,65635.97,2,barbara.herman@uh.com
532,Stephanie Elliott,HR,2023-04-26,48697.11,2,stephanie.elliott@uh.com
533,Todd Daniels,Developer,2021-01-03,99780.38,2,todd.daniels@uh.com
534,Edward Logan,Analyst,2023-09-19,67608.39,2,edward.logan@uh.com
535,Cheryl Smith,Developer,2022-08-20,32972.15,1,cheryl.smith@uh.com
536,Diana Alvarado,Analyst,2023-01-13,52276.58,3,diana.alvarado@uh.com
537,Connie Wolfe,Designer,2023-07-17,61726.44,3,connie.wolfe@uh.com
538,Juan Meyer,HR,2020-05-31,56648.64,3,juan.meyer@uh.com
539,Julie Martinez,Manager,2020-03-04,99706.26,3,julie.martinez@uh.com
540,William Reyes,Designer,2023-11-08,74149.37,2,william.reyes@uh.com
541,Michael Nguyen,Developer,2022-12-10,64566.16,2,michael.nguyen@uh.com
542,Jeffrey Brown,HR,2022-07-06,93516.08,2,jeffrey.brown@uh.com
543,Theodore Mcmillan,Designer,2022-08-18,46329.83,2,theodore.mcmillan@uh.com
544,Robin Mclaughlin,Designer,2021-11-02,76175.77,1,robin.mclaughlin@uh.com
545,Virginia Roberts,Analyst,2022-01-20,63882.38,1,virginia.roberts@uh.com
546,Chloe Mcdaniel,Analyst,2020-07-08,59822.3,2,chloe.mcdaniel@uh.com
547,Jennifer Davis,Analyst,2021-03-04,38677.35,1,jennifer.davis@uh.com
548,Michele Kennedy,Manager,2023-07-21,55140.56,2,michele.kennedy@uh.com
549,Kimberly Dixon,Designer,2021-04-04,84223.43,3,kimberly.dixon@uh.com
550,Gregory Leach,Manager,2023-09-19,76888.12,1,gregory.leach@uh.com
551,Jenna Hernandez,Designer,2023-04-01,78128.15,3,jenna.hernandez@uh.com
552,Kathleen Sweeney,HR,2023-03-20,99712.68,1,kathleen.sweeney@uh.com
553,Olivia Thomas,Manager,2023-05-26,42355.3,1,olivia.thomas@uh.com
554,William Lucas,Designer,2023-07-29,44253.48,3,william.lucas@uh.com
555,David Lopez,Developer,2023-11-04,97943.57,1,david.lopez@uh.com
556,Kevin Edwards,Designer,2023-01-12,87035.14,2,kevin.edwards@uh.com
557,Jenna Carlson,Analyst,2020-12-19,46712.62,2,jenna.carlson@uh.com
558,Jason Cole,Analyst,2022-02-04,68209.28,1,jason.cole@uh.com
559,David Acosta,Manager,2022-06-26,45813.41,1,david.acosta@uh.com
560,Jessica Chung,HR,2023-09-07,81290.65,3,jessica.chung@uh.com
561,Michael Bautista,Designer,2022-07-04,97288.24,2,michael.bautista@uh.com
562,David Stewart,Analyst,2022-08-05,98376.54,2,david.stewart@uh.com
563,Amanda Perez,Developer,2022-03-20,91353.0,2,amanda.perez@uh.com
564,Brandon Harrison,Developer,2021-03-10,60300.8,3,brandon.harrison@uh.com
565,Edward Myers,Manager,2021-09-16,56688.8,1,edward.myers@uh.com
566,Tiffany Ramirez,Manager,2020-06-13,55509.07,1,tiffany.ramirez@uh.com
567,Kelsey Wilkinson,Designer,2023-07-10,74718.54,1,kelsey.wilkinson@uh.com
568,Michael Wolfe,Developer,2023-02-13,52543.92,3,michael.wolfe@uh.com
569,Sharon Young,Designer,2023-01-08,66575.84,2,sharon.young@uh.com
570,Diane Kennedy MD,Designer,2020-09-08,37449.6,2,diane.kennedy.md@uh.com
571,Ronald Alexander,Developer,2023-01-06,69446.7,2,ronald.alexander@uh.com
572,Amanda Hughes,Analyst,2021-02-05,84766.61,3,amanda.hughes@uh.com
573,Robin Riley,Manager,2021-03-13,95788.83,2,robin.riley@uh.com
574,Katrina Stanley,Developer,2021-08-21,64303.93,1,katrina.stanley@uh.com
575,Lisa Cook,Manager,2020-08-03,96377.49,1,lisa.cook@uh.com
576,Ms. Mary Mccall DVM,Designer,2021-06-12,39309.1,3,ms..mary.mccall.dvm@uh.com
577,David Greene,HR,2020-07-21,75221.74,3,david.greene@uh.com
578,David Martinez,Analyst,2023-11-01,36913.84,3,david.martinez@uh.com
579,Cynthia Hawkins,Designer,2023-03-14,31241.62,2,cynthia.hawkins@uh.com
580,Bruce Moore,Analyst,2023-10-10,53743.23,2,bruce.moore@uh.com
581,Melanie Barton,Developer,2020-07-25,35244.19,3,melanie.barton@uh.com
582,Donald Davis,Analyst,2022-06-20,73625.38,2,donald.davis@uh.com
583,Gary Williams,Developer,2022-11-02,81688.85,3,gary.williams@uh.com
584,Jeffery Hill,Manager,2021-05-10,89077.91,3,jeffery.hill@uh.com
585,Samuel Stewart,Developer,2021-12-27,85569.08,2,samuel.stewart@uh.com
586,Kristen Porter,Developer,2021-02-17,99693.03,2,kristen.porter@uh.com
587,Michael Morales,Designer,2020-07-27,75242.82,2,michael.morales@uh.com
588,Elizabeth Garcia,Manager,2020-09-29,77864.6,1,elizabeth.garcia@uh.com
589,Anthony Turner,Designer,2023-05-20,61537.94,1,anthony.turner@uh.com
590,Melinda Adams,Manager,2021-12-11,65844.58,3,melinda.adams@uh.com
591,Dawn Taylor,HR,2021-09-08,68466.16,2,dawn.taylor@uh.com
592,Roy Johnson,Developer,2020-06-27,67960.15,3,roy.johnson@uh.com
593,Alan Garcia,Manager,2023-05-26,50835.22,1,alan.garcia@uh.com
594,Tom Mccoy,Analyst,2020-08-28,70963.5,3,tom.mccoy@uh.com
595,Jeremy Weeks,HR,2020-02-25,44928.44,2,jeremy.weeks@uh.com
596,Timothy Kelly Jr.,Designer,2020-09-26,60350.98,3,timothy.kelly.jr.@uh.com
597,Allison Bailey,HR,2023-02-13,89093.01,2,allison.bailey@uh.com
598,Brenda Ford,Manager,2021-03-31,81701.44,1,brenda.ford@uh.com
599,Christopher Hamilton,Analyst,2023-03-03,45212.83,1,christopher.hamilton@uh.com
600,Patrick Reed,Designer,2023-01-06,54615.19,3,patrick.reed@uh.com
601,Tonya Williams,Designer,2021-05-27,35054.98,3,tonya.williams@uh.com
602,Joshua Walker,Manager,2021-12-15,77999.98,2,joshua.walker@uh.com
603,Mrs. Jacqueline Jones PhD,Designer,2021-11-06,90321.38,1,mrs..jacqueline.jones.phd@uh.com
604,Timothy Davis,HR,2023-09-15,86331.35,1,timothy.davis@uh.com
605,Dylan Lyons,HR,2020-08-25,79657.59,3,dylan.lyons@uh.com
606,Mrs. Andrea Summers,Designer,2021-10-21,84713.02,2,mrs..andrea.summers@uh.com
607,Karen Collins,HR,2020-08-28,55313.77,1,karen.collins@uh.com
608,Christine Mayo,Manager,2020-06-09,74705.77,1,christine.mayo@uh.com
609,Larry Woods,Developer,2022-01-01,34777.72,1,larry.woods@uh.com
610,Traci Hernandez,HR,2020-08-05,82564.66,1,traci.hernandez@uh.com
611,Carol Richardson,Designer,2023-03-27,45529.88,3,carol.richardson@uh.com
612,Jasmine Montoya,Designer,2022-05-05,56122.73,2,jasmine.montoya@uh.com
613,Deborah Bush,Analyst,2021-07-15,81302.34,1,deborah.bush@uh.com
614,Marcus Robinson,HR,2021-04-22,45327.15,1,marcus.robinson@uh.com
615,Sean Carlson,Analyst,2022-09-12,75199.21,2,sean.carlson@uh.com
616,Jessica Rodriguez,Developer,2023-07-28,52377.17,3,jessica.rodriguez@uh.com
617,Marcus Stone MD,Analyst,2021-04-08,59625.09,2,marcus.stone.md@uh.com
618,Karen Guerra,Developer,2020-12-20,75233.13,2,karen.guerra@uh.com
619,Natalie Johnson,Manager,2023-04-03,31335.02,2,natalie.johnson@uh.com
620,Kelly Thomas,HR,2020-08-26,32759.95,1,kelly.thomas@uh.com
621,Megan Campbell,HR,2020-05-05,80228.29,3,megan.campbell@uh.com
622,Lisa Knight,Developer,2022-03-16,85888.88,2,lisa.knight@uh.com
623,Christina Stevens,Manager,2021-05-01,99667.86,3,christina.stevens@uh.com
624,Gabriel Brady,Manager,2021-04-07,69890.28,2,gabriel.brady@uh.com
625,Denise Anderson,Analyst,2020-04-06,38406.51,1,denise.anderson@uh.com
626,Deborah Hart,Analyst,2023-04-14,82617.74,1,deborah.hart@uh.com
627,Laura Gilbert,Analyst,2021-02-12,38155.91,3,laura.gilbert@uh.com
628,Brooke Johnson,HR,2023-03-18,35640.21,2,brooke.johnson@uh.com
629,Christian Webster,HR,2021-04-15,40029.24,1,christian.webster@uh.com
630,Elizabeth Hensley,Developer,2020-03-25,72503.13,2,elizabeth.hensley@uh.com
631,Michael Harrell,Developer,2022-04-30,48374.52,1,michael.harrell@uh.com
632,Mary Colon,Manager,2021-03-16,53918.53,3,mary.colon@uh.com
633,Robin Thompson,Designer,2022-02-03,69144.0,2,robin.thompson@uh.com
634,Dr. Rebecca Walker,Analyst,2023-04-03,45913.27,1,dr..rebecca.walker@uh.com
635,Barbara Parks MD,Developer,2022-08-13,78359.41,2,barbara.parks.md@uh.com
636,Kristy Johnson,Developer,2022-02-27,67113.86,3,kristy.johnson@uh.com
637,Melissa Bowman,HR,2023-10-04,47319.57,2,melissa.bowman@uh.com
638,Michael Rivera,Developer,2023-10-29,38262.63,1,michael.rivera@uh.com
639,Amy Boyer,Manager,2023-04-23,75675.18,2,amy.boyer@uh.com
640,Joseph Robinson,Designer,2022-02-26,48653.2,1,joseph.robinson@uh.com
641,Paul Watkins,Analyst,2021-06-20,75978.9,2,paul.watkins@uh.com
642,Stephanie Davis,Manager,2021-03-11,97048.65,3,stephanie.davis@uh.com
643,Cory Scott,HR,2022-07-10,92262.45,3,cory.scott@uh.com
644,Wendy Valentine,Designer,2022-01-30,83033.93,2,wendy.valentine@uh.com
645,Craig Ortiz,Developer,2022-02-03,60141.08,2,craig.ortiz@uh.com
646,Darryl Williams,Developer,2023-06-03,49671.9,2,darryl.williams@uh.com
647,Joshua Pham,Developer,2021-01-21,87139.46,2,joshua.pham@uh.com
648,George Gonzalez,HR,2023-01-17,57992.36,3,george.gonzalez@uh.com
649,Claudia Fields,Designer,2021-12-01,94179.15,3,claudia.fields@uh.com
650,Jared Martinez,Developer,2022-12-14,65211.57,1,jared.martinez@uh.com
651,Diana Robertson,Analyst,2023-10-24,39708.78,2,diana.robertson@uh.com
652,Angel Walsh,Analyst,2023-01-25,31571.16,1,angel.walsh@uh.com
653,Melissa Mccarthy,Analyst,2020-10-30,90972.28,3,melissa.mccarthy@uh.com
654,Janet Cortez,Developer,2021-10-04,32741.23,2,janet.cortez@uh.com
655,Christopher Potts,HR,2021-09-18,60026.32,3,christopher.potts@uh.com
656,Rachel Sullivan,Developer,2020-01-17,44415.84,1,rachel.sullivan@uh.com
657,Anne Pratt,Developer,2023-03-04,56736.94,3,anne.pratt@uh.com
658,Michael Maddox,Manager,2020-04-21,76347.27,1,michael.maddox@uh.com
659,Kristen Adams,Analyst,2023-08-09,89805.59,1,kristen.adams@uh.com
660,Daniel Lopez,Developer,2022-06-15,46834.93,3,daniel.lopez@uh.com
661,Richard Ramirez,Analyst,2021-12-11,47123.53,3,richard.ramirez@uh.com
662,Haley Huynh,HR,2020-06-17,40086.72,2,haley.huynh@uh.com
663,Kelli Townsend,Manager,2022-09-29,65336.77,1,kelli.townsend@uh.com
664,Joshua Anderson,Manager,2021-09-15,63577.01,2,joshua.anderson@uh.com
665,Diane Alvarado,Analyst,2021-01-22,82190.55,2,diane.alvarado@uh.com
666,Holly Coffey,HR,2023-05-09,77537.23,3,holly.coffey@uh.com
667,Joseph Kelly,Developer,2022-03-17,58447.24,3,joseph.kelly@uh.com
668,Mrs. Cassandra Bridges,Designer,2023-10-22,72573.89,1,mrs..cassandra.bridges@uh.com
669,Laura Mckenzie,HR,2020-07-20,76544.68,2,laura.mckenzie@uh.com
670,Richard Whitaker,Developer,2020-10-29,99493.78,1,richard.whitaker@uh.com
671,Sydney Mcclure,Developer,2022-08-27,65407.06,1,sydney.mcclure@uh.com
672,Frederick Waters,Manager,2020-01-15,99590.49,1,frederick.waters@uh.com
673,Tiffany Kelly,Designer,2020-07-23,98237.65,1,tiffany.kelly@uh.com
674,Karla Berry,HR,2021-04-09,73271.28,3,karla.berry@uh.com
675,Aaron Fowler,Analyst,2020-11-30,40341.5,2,aaron.fowler@uh.com
676,Amy Townsend,Developer,2022-02-04,46182.15,3,amy.townsend@uh.com
677,Jose Eaton,Analyst,2023-09-25,70117.5,2,jose.eaton@uh.com
678,Daniel Adams,Developer,2021-04-10,79348.26,2,daniel.adams@uh.com
679,Scott Reed,Analyst,2021-12-14,95153.74,3,scott.reed@uh.com
680,Tiffany Ramos,Designer,2022-05-08,48273.52,3,tiffany.ramos@uh.com
681,Mary Anderson,Developer,2020-02-16,89045.55,2,mary.anderson@uh.com
682,Daniel Vega,Designer,2022-07-24,44161.33,1,daniel.vega@uh.com
683,Marcus Baxter,Manager,2023-02-14,94342.74,1,marcus.baxter@uh.com
684,Danielle Clark,Developer,2022-04-08,61673.74,1,danielle.clark@uh.com
685,Collin Dennis,Developer,2021-05-07,50562.29,2,collin.dennis@uh.com
686,Monica Woodward,Developer,2022-02-13,50587.1,3,monica.woodward@uh.com
687,Noah White,Developer,2020-10-07,89237.48,1,noah.white@uh.com
688,Andrew Thomas,Analyst,2022-04-12,53381.78,2,andrew.thomas@uh.com
689,Blake Robles,HR,2023-07-02,35689.75,2,blake.robles@uh.com
690,Peggy Stephenson,Analyst,2021-09-24,42271.21,2,peggy.stephenson@uh.com
691,Christina Crawford,Manager,2021-11-12,59688.66,3,christina.crawford@uh.com
692,Kevin Nichols,HR,2021-06-22,94299.78,2,kevin.nichols@uh.com
693,Christine Ayala,Manager,2023-06-22,55400.23,1,christine.ayala@uh.com
694,Darius Kelly,Developer,2021-03-08,48954.98,1,darius.kelly@uh.com
695,Charles Barnett MD,Analyst,2021-07-13,66609.53,2,charles.barnett.md@uh.com
696,Heather Kane,HR,2022-10-26,62181.6,1,heather.kane@uh.com
697,Brittney Carter,Analyst,2020-03-16,93844.76,2,brittney.carter@uh.com
698,Elizabeth Fischer,Designer,2020-03-31,51941.38,1,elizabeth.fischer@uh.com
699,Anthony Pierce,HR,2020-05-06,45128.2,3,anthony.pierce@uh.com
700,Amber Lowery,HR,2021-10-30,51769.66,3,amber.lowery@uh.com
701,Michael Lewis,Manager,2021-08-21,65024.34,2,michael.lewis@uh.com
702,Henry Edwards,Developer,2022-04-23,64861.73,3,henry.edwards@uh.com
703,Keith Hicks,Manager,2023-01-28,77399.86,1,keith.hicks@uh.com
704,Audrey Lewis,Developer,2023-06-14,40151.68,3,audrey.lewis@uh.com
705,Katherine Foster,Manager,2020-02-23,30025.06,3,katherine.foster@uh.com
706,Alejandra Esparza,Analyst,2023-07-06,59604.7,1,alejandra.esparza@uh.com
707,Nicholas Garcia,Analyst,2021-04-09,47060.54,2,nicholas.garcia@uh.com
708,Cody King,Designer,2020-02-20,69088.36,3,cody.king@uh.com
709,Denise Smith,Designer,2020-01-25,47742.25,3,denise.smith@uh.com
710,Scott Martinez,Analyst,2023-04-08,65124.25,1,scott.martinez@uh.com
711,Amber Campbell,Analyst,2020-02-11,87449.54,2,amber.campbell@uh.com
712,Ariel Chaney,HR,2021-11-09,80063.06,3,ariel.chaney@uh.com
713,Jessica Wright,Analyst,2022-06-18,71777.9,3,jessica.wright@uh.com
714,Phillip Sullivan,Designer,2022-08-24,91795.68,2,phillip.sullivan@uh.com
715,John Greer,Designer,2021-01-22,40992.5,2,john.greer@uh.com
716,Lindsay Miller,Developer,2022-12-19,62884.73,2,lindsay.miller@uh.com
717,Laura Washington,HR,2022-05-29,80356.9,1,laura.washington@uh.com
718,Mary Davis,HR,2021-01-16,85804.51,2,mary.davis@uh.com
719,Isaac Chase,Developer,2020-09-20,81551.83,3,isaac.chase@uh.com
720,Joanne Lee,Analyst,2021-01-31,89328.06,1,joanne.lee@uh.com
721,Frances Sharp,Analyst,2023-08-19,83364.31,3,frances.sharp@uh.com
722,Miranda Parks,Analyst,2021-09-18,54943.89,2,miranda.parks@uh.com
723,Brent Fields,Manager,2023-07-28,84027.9,3,brent.fields@uh.com
724,Arthur Palmer,Manager,2021-01-23,50261.72,3,arthur.palmer@uh.com
725,Debra Khan,Analyst,2021-08-13,54198.84,3,debra.khan@uh.com
726,Dr. Denise Carpenter,Designer,2023-06-19,62084.83,1,dr..denise.carpenter@uh.com
727,Anthony Wright,Manager,2023-02-08,80803.49,3,anthony.wright@uh.com
728,Debra Martinez,HR,2023-06-29,70715.81,2,debra.martinez@uh.com
729,Dr. Brittany Edwards MD,Analyst,2020-03-11,95993.84,1,dr..brittany.edwards.md@uh.com
730,Beverly Mcfarland,Manager,2022-08-11,93327.17,1,beverly.mcfarland@uh.com
731,Jennifer Reyes,Developer,2021-09-20,93717.16,2,jennifer.reyes@uh.com
732,Ashley Robinson,Developer,2023-09-16,82924.58,2,ashley.robinson@uh.com
733,Dennis Cervantes,Designer,2021-12-14,78473.91,3,dennis.cervantes@uh.com
734,Kristen Harper,Designer,2023-11-10,58335.31,3,kristen.harper@uh.com
735,Kyle Arnold,HR,2020-04-11,35961.72,1,kyle.arnold@uh.com
736,Amy Stephens,Developer,2022-07-05,31014.49,2,amy.stephens@uh.com
737,Damon Tucker,Developer,2020-10-04,60076.32,2,damon.tucker@uh.com
738,Nicholas Thomas,Analyst,2020-03-26,95905.45,2,nicholas.thomas@uh.com
739,Chelsea Fields,HR,2023-03-10,71293.45,2,chelsea.fields@uh.com
740,Patricia Harrison,Developer,2023-04-10,85743.48,1,patricia.harrison@uh.com
741,Mark Mills,Analyst,2023-06-12,79074.34,3,mark.mills@uh.com
742,Lisa Kline,Developer,2022-06-23,82946.37,2,lisa.kline@uh.com
743,Michele Ortiz,HR,2022-11-05,67704.55,2,michele.ortiz@uh.com
744,Kerry James,HR,2021-09-11,80235.96,2,kerry.james@uh.com
745,Daniel Aguilar,HR,2021-10-09,47637.27,2,daniel.aguilar@uh.com
746,Luis Cross,Manager,2022-03-30,93454.85,1,luis.cross@uh.com
747,Gregory Mitchell,Designer,2021-04-07,70499.62,1,gregory.mitchell@uh.com
748,Michaela Yates,Analyst,2023-03-18,33907.28,1,michaela.yates@uh.com
749,Katie Wilson,Analyst,2021-11-05,36075.13,2,katie.wilson@uh.com
750,Paula Anderson,Developer,2020-12-27,47132.08,3,paula.anderson@uh.com
751,Erin Parsons,Manager,2020-11-30,74089.3,3,erin.parsons@uh.com
752,Adam Brennan,Manager,2022-08-06,58603.5,1,adam.brennan@uh.com
753,Nicole Lawrence,Manager,2021-03-09,75455.47,2,nicole.lawrence@uh.com
754,Regina Morales,Analyst,2023-06-16,60203.59,3,regina.morales@uh.com
755,Megan Lee,Analyst,2022-05-02,64975.16,3,megan.lee@uh.com
756,Todd Bernard,Analyst,2021-01-12,83432.89,2,todd.bernard@uh.com
757,Miranda Harris,Analyst,2022-06-01,95865.07,1,miranda.harris@uh.com
758,Robert Liu,HR,2023-05-05,58893.24,1,robert.liu@uh.com
759,Kimberly Donovan,Developer,2022-07-27,82538.94,3,kimberly.donovan@uh.com
760,Desiree Johnson,Designer,2020-12-30,69223.66,2,desiree.johnson@uh.com
761,Howard Calderon,Manager,2023-10-31,78582.84,1,howard.calderon@uh.com
762,Tracy Garza,Designer,2022-09-02,50603.37,2,tracy.garza@uh.com
763,Mr. Alexis Gillespie,Designer,2022-04-19,82010.61,1,mr..alexis.gillespie@uh.com
764,Kim Bowen,Developer,2021-02-13,95757.62,2,kim.bowen@uh.com
765,Meghan Le,HR,2020-10-10,48534.93,1,meghan.le@uh.com
766,David Soto,Designer,2020-07-10,46577.51,2,david.soto@uh.com
767,Ryan Greene MD,Analyst,2023-03-25,47909.3,2,ryan.greene.md@uh.com
768,Angela Brown,Designer,2020-08-29,65603.13,2,angela.brown@uh.com
769,Juan Turner,Manager,2021-09-13,77702.95,3,juan.turner@uh.com
770,Laura Garrison,HR,2020-12-03,76872.05,2,laura.garrison@uh.com
771,Stephen Robinson,Designer,2022-10-14,52209.52,2,stephen.robinson@uh.com
772,Gabriella Parker,HR,2021-01-04,44128.35,3,gabriella.parker@uh.com
773,Alan Payne,Developer,2021-08-29,45246.51,3,alan.payne@uh.com
774,Spencer Holt,Developer,2021-01-08,55885.0,2,spencer.holt@uh.com
775,Ian Hayes,Analyst,2021-10-18,77013.27,3,ian.hayes@uh.com
776,Darryl Brown,Developer,2020-10-02,89866.88,2,darryl.brown@uh.com
777,Melissa Frazier,Manager,2020-10-29,72726.1,1,melissa.frazier@uh.com
778,Travis Parker,Analyst,2020-01-13,77598.66,2,travis.parker@uh.com
779,Emily Huerta,HR,2021-11-08,51651.52,2,emily.huerta@uh.com
780,David Beasley,Designer,2021-07-05,32145.82,1,david.beasley@uh.com
781,Isaac Mercado,Manager,2020-02-28,88710.07,2,isaac.mercado@uh.com
782,James Sanchez,Designer,2022-04-07,87895.32,2,james.sanchez@uh.com
783,Robert Mitchell,HR,2020-04-27,97204.04,2,robert.mitchell@uh.com
784,Alexandra Ford,Designer,2022-07-10,92568.37,1,alexandra.ford@uh.com
785,Tina Rodriguez,Manager,2022-01-18,97621.89,1,tina.rodriguez@uh.com
786,Christopher Morse,Manager,2021-11-20,35672.89,3,christopher.morse@uh.com
787,David Barron,Designer,2023-07-05,84681.29,1,david.barron@uh.com
788,Christopher Johnson,Designer,2020-08-13,80973.37,1,christopher.johnson@uh.com
789,Rhonda Harrell,Designer,2021-03-21,92283.62,1,rhonda.harrell@uh.com
790,Yvonne Duncan,Designer,2021-05-17,30987.34,2,yvonne.duncan@uh.com
791,Amanda Vaughn,Developer,2023-05-05,82151.91,3,amanda.vaughn@uh.com
792,Christine Harrison,Manager,2021-04-04,64114.56,2,christine.harrison@uh.com
793,Cathy Williams,Manager,2023-10-03,90015.03,1,cathy.williams@uh.com
794,Matthew Perez,HR,2022-02-13,67071.81,3,matthew.perez@uh.com
795,Robert Scott,Analyst,2021-05-08,47917.38,1,robert.scott@uh.com
796,Joshua Ramos,Manager,2023-10-26,68107.81,2,joshua.ramos@uh.com
797,Peter Mcmahon,Manager,2023-04-21,95464.42,1,peter.mcmahon@uh.com
798,Daniel Mccall,Designer,2023-02-26,89272.86,2,daniel.mccall@uh.com
799,Sandra Murphy,HR,2020-07-14,95604.04,2,sandra.murphy@uh.com
800,Brandon Reed,Designer,2023-10-14,95891.01,2,brandon.reed@uh.com
801,Catherine Padilla,HR,2021-09-15,37362.28,2,catherine.padilla@uh.com
802,Maria Harper,Designer,2023-09-03,37412.27,3,maria.harper@uh.com
803,Melissa Higgins,Designer,2020-01-18,54735.6,1,melissa.higgins@uh.com
804,Kelly Summers,Manager,2021-11-03,57707.58,3,kelly.summers@uh.com
805,Aaron Nguyen,Analyst,2020-12-07,65624.4,1,aaron.nguyen@uh.com
806,Deborah Sullivan,Manager,2023-03-10,64098.34,2,deborah.sullivan@uh.com
807,Samantha Todd,HR,2020-08-22,97416.84,1,samantha.todd@uh.com
808,Jaime Brooks,Analyst,2020-10-16,92121.78,3,jaime.brooks@uh.com
809,William Glass,Manager,2021-08-19,81349.37,1,william.glass@uh.com
810,Trevor Wells,Analyst,2020-09-24,41312.54,3,trevor.wells@uh.com
811,Donna Castillo,HR,2020-11-15,89787.0,2,donna.castillo@uh.com
812,Caleb Miller,HR,2020-06-05,37185.09,3,caleb.miller@uh.com
813,Brianna Bradley,Developer,2021-03-10,62128.6,2,brianna.bradley@uh.com
814,Marc Collins,Manager,2020-05-02,78310.94,1,marc.collins@uh.com
815,Michael Graves,Designer,2021-04-12,60452.73,1,michael.graves@uh.com
816,Noah Paul,Developer,2023-05-13,81769.44,1,noah.paul@uh.com
817,Andrew Baldwin,Designer,2021-01-05,83929.12,1,andrew.baldwin@uh.com
818,Angela Cross,Analyst,2021-12-06,39027.45,1,angela.cross@uh.com
819,Matthew Morgan,HR,2022-01-25,65017.17,1,matthew.morgan@uh.com
820,Sarah Good,Analyst,2021-09-22,67430.32,1,sarah.good@uh.com
821,Natasha Ortiz,Designer,2020-09-27,96610.58,1,natasha.ortiz@uh.com
822,Scott Ward,Manager,2021-11-17,37871.74,3,scott.ward@uh.com
823,Michelle Frank,Analyst,2020-12-02,31753.59,3,michelle.frank@uh.com
824,Karen Reed,HR,2020-12-07,39864.72,3,karen.reed@uh.com
825,Tristan Arellano,Designer,2023-09-27,60964.53,3,tristan.arellano@uh.com
826,Mark Ortega,Designer,2020-11-12,91986.51,2,mark.ortega@uh.com
827,Nathan Walker,Analyst,2021-09-16,75151.11,3,nathan.walker@uh.com
828,Evan Jackson,Designer,2023-03-23,58586.82,3,evan.jackson@uh.com
829,Catherine Ramirez,Designer,2023-04-26,34278.65,3,catherine.ramirez@uh.com
830,Angela Woodard,Manager,2022-03-10,56264.41,3,angela.woodard@uh.com
831,Stephanie Fry,Designer,2021-06-21,47732.6,3,stephanie.fry@uh.com
832,Jennifer Rush,Developer,2021-11-22,32901.83,3,jennifer.rush@uh.com
833,Rachel Torres,Manager,2020-05-31,90031.45,3,rachel.torres@uh.com
834,Paige Jones,HR,2020-05-25,67864.38,2,paige.jones@uh.com
835,Melissa Hill,HR,2020-11-03,96027.63,3,melissa.hill@uh.com
836,Alice Gallagher,Manager,2022-02-09,71352.12,2,alice.gallagher@uh.com
837,Charles Scott,Designer,2022-06-15,87455.95,1,charles.scott@uh.com
838,Nathan Logan,Manager,2021-01-02,42096.37,2,nathan.logan@uh.com
839,Zachary Spears,HR,2020-05-02,77390.57,3,zachary.spears@uh.com
840,Clinton Davis Jr.,HR,2022-02-21,78587.67,1,clinton.davis.jr.@uh.com
841,Andrea Evans,Developer,2022-06-10,78545.09,1,andrea.evans@uh.com
842,Michael Harper,Developer,2022-02-01,34265.4,3,michael.harper@uh.com
843,John Rodriguez,HR,2020-09-29,58409.43,3,john.rodriguez@uh.com
844,Anna Bailey,Analyst,2020-06-15,59749.2,2,anna.bailey@uh.com
845,Travis Lee,Designer,2022-08-27,48471.93,2,travis.lee@uh.com
846,Patrick Rivas,Developer,2023-01-06,36798.46,3,patrick.rivas@uh.com
847,Christopher Hernandez,Designer,2021-06-20,99432.88,1,christopher.hernandez@uh.com
848,James James,Designer,2020-01-31,70708.22,3,james.james@uh.com
849,Benjamin Winters,Developer,2023-04-08,64715.42,1,benjamin.winters@uh.com
850,Gabriela Allen DVM,HR,2021-01-08,34434.7,3,gabriela.allen.dvm@uh.com
851,William Robinson,HR,2020-03-20,73213.42,2,william.robinson@uh.com
852,Jasmine Proctor,Manager,2020-10-02,94188.9,2,jasmine.proctor@uh.com
853,Stephanie Estrada,Manager,2021-04-26,32154.38,1,stephanie.estrada@uh.com
854,Jennifer Walls,Designer,2023-09-28,74703.85,3,jennifer.walls@uh.com
855,Rebekah Taylor,Analyst,2021-10-13,72367.99,1,rebekah.taylor@uh.com
856,Jessica Hill,Developer,2021-03-29,35041.02,3,jessica.hill@uh.com
857,Clinton Nguyen,Developer,2020-04-17,43364.84,1,clinton.nguyen@uh.com
858,Lisa Conley,Developer,2021-05-13,41594.37,3,lisa.conley@uh.com
859,Mitchell Crawford,HR,2022-09-04,78385.63,2,mitchell.crawford@uh.com
860,Laura Holt,Developer,2023-05-27,62320.01,2,laura.holt@uh.com
861,Lori Sanders,Designer,2022-07-12,44336.9,3,lori.sanders@uh.com
862,Hannah Kane,Manager,2020-02-25,92602.54,2,hannah.kane@uh.com
863,Kevin Hicks,Developer,2021-05-11,49314.26,3,kevin.hicks@uh.com
864,Jill Becker,Developer,2022-01-25,86273.35,1,jill.becker@uh.com
865,Sarah Wagner,Developer,2020-02-27,35078.21,2,sarah.wagner@uh.com
866,Natalie Jackson,HR,2020-03-30,62119.46,3,natalie.jackson@uh.com
867,Ms. Colleen Pierce DDS,Manager,2021-09-01,66153.86,3,ms..colleen.pierce.dds@uh.com
868,Taylor Andrews,Manager,2020-01-18,98422.63,3,taylor.andrews@uh.com
869,Donna Hensley,Analyst,2020-03-11,96212.44,1,donna.hensley@uh.com
870,Melissa Mckee,Designer,2020-08-06,45740.9,3,melissa.mckee@uh.com
871,Thomas Harris,Analyst,2021-08-11,92153.17,1,thomas.harris@uh.com
872,Christian Parker,Analyst,2023-06-05,99194.51,1,christian.parker@uh.com
873,Haley Johnson,HR,2021-12-09,99491.91,1,haley.johnson@uh.com
874,Jamie Powell,HR,2021-11-23,38879.53,2,jamie.powell@uh.com
875,Gregory Terry V,Manager,2021-08-06,92851.99,3,gregory.terry.v@uh.com
876,Mary Austin,Analyst,2023-05-30,91669.75,1,mary.austin@uh.com
877,Elizabeth Dodson,Analyst,2022-05-14,94880.63,3,elizabeth.dodson@uh.com
878,Laura Hoffman,Manager,2020-05-05,42235.6,2,laura.hoffman@uh.com
879,Shannon Mendoza,Developer,2023-10-26,72730.83,2,shannon.mendoza@uh.com
880,Virginia Manning,HR,2021-09-26,58226.82,2,virginia.manning@uh.com
881,John Brown,Developer,2020-02-27,75571.52,1,john.brown@uh.com
882,Derek Ramsey,Developer,2020-07-30,68211.62,2,derek.ramsey@uh.com
883,Gabriela Smith,HR,2021-07-17,49885.0,2,gabriela.smith@uh.com
884,Erin Peterson,Manager,2022-03-03,44326.92,2,erin.peterson@uh.com
885,Alexander Vincent,Designer,2023-01-30,69696.1,3,alexander.vincent@uh.com
886,Eric Cruz,Manager,2023-04-19,37503.93,1,eric.cruz@uh.com
887,Terry Novak,Manager,2020-11-23,98903.26,1,terry.novak@uh.com
888,Jeffrey Maxwell,Analyst,2022-04-21,38791.09,3,jeffrey.maxwell@uh.com
889,Tracey Brown,Analyst,2023-01-26,71235.05,2,tracey.brown@uh.com
890,Tiffany Perez,Developer,2020-03-14,70094.9,3,tiffany.perez@uh.com
891,Alexander Gardner,Analyst,2020-10-13,51106.34,3,alexander.gardner@uh.com
892,Joy Hughes,HR,2022-05-19,54456.71,3,joy.hughes@uh.com
893,Anthony Pittman,Analyst,2022-11-08,36294.55,3,anthony.pittman@uh.com
894,John Ford,Manager,2023-08-27,72591.09,1,john.ford@uh.com
895,Emily James,HR,2020-08-27,60748.27,1,emily.james@uh.com
896,Justin Kelly,Designer,2020-09-30,69446.46,2,justin.kelly@uh.com
897,Thomas Garcia,Manager,2023-07-18,72508.67,3,thomas.garcia@uh.com
898,Christine Anderson,Manager,2020-01-10,56681.4,3,christine.anderson@uh.com
899,Candace Rich,Designer,2022-06-30,97308.6,2,candace.rich@uh.com
900,Thomas Williams,Manager,2022-03-29,73517.89,3,thomas.williams@uh.com
901,Jacob Duncan,Analyst,2020-07-02,50488.77,1,jacob.duncan@uh.com
902,Scott Fox,Manager,2022-05-23,94629.86,1,scott.fox@uh.com
903,Nicole Barr,HR,2022-05-17,36276.37,3,nicole.barr@uh.com
904,Rhonda Reynolds,Designer,2022-05-15,97232.46,1,rhonda.reynolds@uh.com
905,Anne Klein,Analyst,2021-03-09,93473.54,3,anne.klein@uh.com
906,Adrian Townsend,Designer,2020-11-25,31180.95,2,adrian.townsend@uh.com
907,Mr. Michael Townsend,Analyst,2022-12-03,69108.26,3,mr..michael.townsend@uh.com
908,Paige Morrison,Analyst,2020-03-20,65727.0,2,paige.morrison@uh.com
909,Mrs. Elizabeth Castillo,Manager,2021-01-15,95945.5,1,mrs..elizabeth.castillo@uh.com
910,Jody Rice,Manager,2022-08-25,59023.78,1,jody.rice@uh.com
911,Joshua Mcdonald,Designer,2020-05-18,63770.84,3,joshua.mcdonald@uh.com
912,Tiffany Bradshaw,Manager,2021-06-28,41182.95,2,tiffany.bradshaw@uh.com
913,Charles Maynard,Analyst,2023-01-01,78712.87,3,charles.maynard@uh.com
914,Tara Graham,Designer,2021-07-16,86172.42,3,tara.graham@uh.com
915,Michael Castillo,Designer,2023-08-11,46455.44,3,michael.castillo@uh.com
916,Jeffrey Wall,Designer,2021-03-18,48465.12,3,jeffrey.wall@uh.com
917,Tracy Weber,Designer,2022-03-17,68880.09,1,tracy.weber@uh.com
918,Lance Landry,Developer,2021-03-16,85092.41,2,lance.landry@uh.com
919,Cindy Gibson,Developer,2022-05-22,31645.65,3,cindy.gibson@uh.com
920,Dustin Roberts,Analyst,2023-02-21,82056.57,3,dustin.roberts@uh.com
921,Jordan Cameron,Manager,2023-07-02,46894.44,2,jordan.cameron@uh.com
922,Travis Weaver,Analyst,2020-09-15,99113.12,2,travis.weaver@uh.com
923,Jennifer Jackson,Analyst,2022-04-21,78664.2,1,jennifer.jackson@uh.com
924,Connie Barry,Analyst,2020-12-22,31782.94,1,connie.barry@uh.com
925,Caitlin Thompson,Developer,2022-10-24,97506.45,1,caitlin.thompson@uh.com
926,Henry Ho,Analyst,2020-08-05,70823.66,3,henry.ho@uh.com
927,Gregory Freeman,Analyst,2021-09-24,39592.12,3,gregory.freeman@uh.com
928,Stephen Soto,HR,2020-09-22,41755.24,3,stephen.soto@uh.com
929,Victoria Patrick,HR,2022-05-19,60619.83,1,victoria.patrick@uh.com
930,Charles Nixon,Designer,2021-12-31,83451.93,2,charles.nixon@uh.com
931,Keith Miller,Manager,2020-05-18,78138.28,1,keith.miller@uh.com
932,Yvonne Logan,Developer,2022-03-05,57968.41,2,yvonne.logan@uh.com
933,Amy Roy,Designer,2023-03-21,91870.13,1,amy.roy@uh.com
934,Troy Miller,HR,2022-04-17,60648.13,1,troy.miller@uh.com
935,Karen Rivers,Analyst,2022-08-01,72303.27,3,karen.rivers@uh.com
936,James Perez DVM,Designer,2023-10-05,55949.74,3,james.perez.dvm@uh.com
937,Brandon Ellis,Analyst,2021-03-15,38543.88,3,brandon.ellis@uh.com
938,Tony Steele,HR,2020-10-16,43918.12,2,tony.steele@uh.com
939,Patricia Davidson,Manager,2022-07-05,98287.02,3,patricia.davidson@uh.com
940,Jamie Edwards,Designer,2022-10-22,75497.4,1,jamie.edwards@uh.com
941,Penny Castro,Analyst,2021-03-30,85934.73,1,penny.castro@uh.com
942,Chelsey Blankenship DDS,Developer,2020-11-22,39608.16,1,chelsey.blankenship.dds@uh.com
943,Debbie Hernandez,Manager,2020-03-06,43225.05,2,debbie.hernandez@uh.com
944,Kimberly Oliver,Designer,2023-11-04,71212.6,3,kimberly.oliver@uh.com
945,Jasmine Smith,Developer,2023-04-08,77964.79,2,jasmine.smith@uh.com
946,James Brooks,Designer,2020-02-27,58311.64,3,james.brooks@uh.com
947,John Knight,HR,2020-12-02,55250.36,1,john.knight@uh.com
948,Lisa Cordova,Analyst,2023-01-03,85845.9,1,lisa.cordova@uh.com
949,Alicia Yang,HR,2021-05-04,53986.79,3,alicia.yang@uh.com
950,Mr. Robert Flynn,Manager,2022-01-12,34452.23,1,mr..robert.flynn@uh.com
951,James Williams,Developer,2022-06-24,88270.35,3,james.williams@uh.com
952,Melissa Simpson,Designer,2020-12-31,93426.21,2,melissa.simpson@uh.com
953,Amber Myers,Developer,2023-08-22,34189.91,1,amber.myers@uh.com
954,Carmen Dominguez,Analyst,2020-12-23,49617.48,2,carmen.dominguez@uh.com
955,Christopher Flores,HR,2020-05-04,86047.14,3,christopher.flores@uh.com
956,Craig Jackson,Developer,2020-09-09,50744.38,2,craig.jackson@uh.com
957,Ryan Daniels,Manager,2022-06-03,92279.79,1,ryan.daniels@uh.com
958,Michael Martin,Analyst,2023-01-21,68229.84,2,michael.martin@uh.com
959,Sarah Davis,Analyst,2023-01-07,42728.69,3,sarah.davis@uh.com
960,Tammy Underwood,Designer,2023-07-05,88827.36,1,tammy.underwood@uh.com
961,Rebecca Smith DVM,Developer,2023-10-14,44285.1,1,rebecca.smith.dvm@uh.com
962,Peter Williams,Designer,2020-12-11,62061.27,2,peter.williams@uh.com
963,Tammy Kane,Developer,2023-03-04,55622.13,3,tammy.kane@uh.com
964,Stephen Stone,Designer,2023-05-12,57182.22,1,stephen.stone@uh.com
965,Charles Hill,HR,2023-11-05,53840.36,1,charles.hill@uh.com
966,Michelle Waters,Analyst,2023-09-28,91388.87,2,michelle.waters@uh.com
967,Mary Rodriguez,Developer,2023-06-13,95105.38,3,mary.rodriguez@uh.com
968,Stacey Johnson,Manager,2023-02-08,61726.83,1,stacey.johnson@uh.com
969,Marc Hunt,Manager,2020-05-26,63433.81,3,marc.hunt@uh.com
970,Rachel Barker,Manager,2023-10-15,88993.63,3,rachel.barker@uh.com
971,Lindsay Perez MD,Analyst,2020-12-08,83336.83,3,lindsay.perez.md@uh.com
972,Eric Miller DDS,Designer,2020-01-10,38368.29,3,eric.miller.dds@uh.com
973,Andrea Young,Analyst,2020-12-22,64102.11,3,andrea.young@uh.com
974,Frank Morrison,Manager,2023-11-09,84744.95,1,frank.morrison@uh.com
975,Cindy Smith,Designer,2021-01-16,45199.29,1,cindy.smith@uh.com
976,Nicole Chambers,Developer,2022-07-20,84786.47,1,nicole.chambers@uh.com
977,Wendy Evans,Manager,2023-01-22,99405.5,1,wendy.evans@uh.com
978,Pam Rollins,HR,2022-04-16,91000.34,1,pam.rollins@uh.com
979,Megan Williams,Developer,2020-05-04,88996.43,2,megan.williams@uh.com
980,Stephen Mitchell,Analyst,2023-11-11,44978.43,2,stephen.mitchell@uh.com
981,Michael Pace,Analyst,2023-10-09,41028.82,3,michael.pace@uh.com
982,Maxwell Huerta,HR,2022-05-19,66529.85,3,maxwell.huerta@uh.com
983,Jeffery Greene,Analyst,2021-05-28,79125.6,1,jeffery.greene@uh.com
984,Michelle Phillips,Manager,2020-07-14,58290.45,1,michelle.phillips@uh.com
985,Alexander Jenkins,Developer,2020-08-01,69308.84,3,alexander.jenkins@uh.com
986,Robin Fernandez,Analyst,2023-01-04,50807.52,1,robin.fernandez@uh.com
987,Michael Austin,HR,2021-02-08,58931.41,1,michael.austin@uh.com
988,Dennis Thompson,Analyst,2022-06-08,79143.21,2,dennis.thompson@uh.com
989,James Dorsey,Manager,2023-11-02,97935.82,3,james.dorsey@uh.com
990,David Mitchell,Manager,2020-05-23,98555.95,2,david.mitchell@uh.com
991,Heidi Lopez,Analyst,2023-07-13,83173.13,3,heidi.lopez@uh.com
992,Daniel Smith,Analyst,2022-05-05,30554.08,3,daniel.smith@uh.com
993,Joseph Flynn,Manager,2021-08-07,47027.86,2,joseph.flynn@uh.com
994,Linda Hoffman,Developer,2020-02-05,77912.67,1,linda.hoffman@uh.com
995,Christopher Franco,Developer,2021-11-12,99014.16,3,christopher.franco@uh.com
996,Tara Wright,Manager,2023-04-06,40424.38,2,tara.wright@uh.com
997,Marie Perez,Analyst,2021-08-27,82355.67,2,marie.perez@uh.com
998,Cassandra Acevedo,HR,2023-06-22,59238.82,2,cassandra.acevedo@uh.com
999,Eric Bell,Analyst,2023-01-16,48881.61,3,eric.bell@uh.com
1000,John Burnett,Designer,2022-09-21,40159.88,3,john.burnett@uh.com
